smiles,label
NC=O,6.12
CN(C)C=O,4.93
CC(=O)N(C)C,4.74
CNC(C)=O,5.32
CC(N)=O,6.0
CC(N)=S,4.57
CC(C)C(N)=O,5.95
CCCC(N)=O,5.91
NC(N)=O,5.5
CCC(N)=O,5.49
CN(C)C(=O)F,5.38
CNC(=O)CF,5.42
CN(C=O)CF,5.46
CCNC=O,5.36
N#CC(N)=O,6.77
NNC=O,4.19
N#CNC=O,6.48
COC(N)=O,5.98
NC(=O)F,6.75
CNC=O,5.39
NC(=O)CCF,5.7
CN(C)C(=O)CF,4.93
CNC(=O)Cl,5.93
NC(=O)Cl,6.67
NC(=O)CF,6.24
O=CNCCl,5.93
CC(=O)NCl,5.67
NC(=O)CCl,5.89
CONC=O,4.91
NC(=O)C(F)(F)F,6.68
NC(=O)O,6.25
CCN(CC)C(C)=O,4.73
CCC(=O)N(C)C,4.73
CN(C)C(=O)c1ccccc1,4.54
CCCC(=O)N(C)C,4.66
COCC(N)=O,5.8
CN(C)C(=O)C(F)(F)F,5.49
CC#N,7.52
CCC#N,7.14
CCCC#N,7.9
CCCCC#N,6.57
N#CCc1ccccc1,5.18
COC(C)C#N,5.93
N#CCC=O,6.27
CC(=O)CC#N,6.02
CCOC(=O)CC#N,6.56
N#CCF,7.78
N#CCN,4.95
N#CCC#N,7.75
COCC#N,5.98
COCCC#N,5.73
N#CCCCC#N,6.9
N#CCCCCC#N,6.92
N#CCCCCCC#N,9.5
N#CCCCCCCC#N,9.63
N#CCCCCCCCC#N,9.33
N#CCCCCCCCCC#N,8.75
N#CCO,6.76
N#CCCl,7.31
N#CCC(F)(F)F,8.11
N#CCC(=O)O,6.94
CC(C#N)CCC#N,6.98
CC(C)(C)C#N,6.58
CCC(C)(C)C#N,6.09
COCCOC,4.93
C1CCOC1,5.2
CC1CCCO1,5.12
COc1ccccc1,4.48
C1COCO1,5.36
CCOC(C)=O,6.13
CCOC(=O)CF,6.45
CCOC(=O)C(F)F,4.53
COC(C)=O,6.26
COCC(=O)OC,5.55
COC(=O)CC#N,6.66
COCC(C)OC(C)=O,5.3
CCC(=O)OCCF,6.13
CC(=O)OCCF,6.37
CCOC(=O)C(C)F,6.21
CCCC(=O)OC,6.02
CCCC(=O)OCC,5.93
O=C1CCCO1,6.12
O=C1OCCC1F,6.23
O=C1CCCCO1,5.9
COCOC,5.4
CCOCCOC,4.92
COCCOCCF,5.07
COCCOCC(F)F,5.19
COCCOCC(F)(F)F,5.32
CCOCCOCC,4.87
CCOCCOCCF,5.03
CCOCCOCC(F)F,5.18
CCOCCOCC(F)(F)F,5.29
CC1COCO1,5.29
CC1OCCO1,5.35
COCCOCCOC,4.92
COC(=O)CCC#N,6.39
COC(=O)C(C)(C)C#N,6.36
CCOC(=O)C(C)(C)C#N,6.2
CCOCC,5.37
CC(C)OC(C)C,5.12
COC1CCCC1,5.07
C1CCOCC1,5.1
COCCOCCOCCOC,5.21
CC[N+](=O)[O-],6.4
CCCOC(C)=O,6.15
CC(=O)OC(C)C,6.06
CCCCOC(C)=O,6.06
CC(=O)OCC(C)C,6.1
CCC(=O)OC,6.17
COC=O,6.65
CCOC=O,6.51
CCCOC=O,6.44
CC(C)OC=O,6.34
CCCCOC=O,6.28
CC(C)COC=O,6.33
COC(=O)CCF,6.29
CCC(=O)OCF,6.4
COC(=O)CC(F)F,6.55
COC(=O)CC(F)(F)F,6.75
CCOC(=O)CC(F)(F)F,6.6
FC(F)(F)COCC(F)(F)F,6.8
FC(F)C(F)(F)COC(F)(F)C(F)F,7.31
CCOC(F)(F)C(F)F,6.92
FC(F)C(F)(F)C(OC(C(F)(F)F)C(F)(F)C(F)F)C(F)(F)F,7.34
CCOCCOC,4.92
COCOCOC,5.33
COCOCN,4.54
COC(F)OC,6.07
COCOCF,5.74
COC(F)(F)OC,6.58
COCOC(F)F,5.85
COCOC(F)(F)F,6.05
COCCOCC(F)(F)F,5.32
CCOc1ccccc1,4.44
CCCOc1ccccc1,4.44
CCCCOc1ccccc1,4.43
COC(C)(C)C,5.2
c1ccc(Oc2ccccc2)cc1,4.58
C1COCCO1,4.62
CC1COCCO1,4.56
FC1COCOC1,5.47
FC1(F)COCOC1,5.83
FC1(F)CCOCO1,5.91
COC1OCCCO1,5.49
COC1COCOC1,4.91
NC1OCCCO1,4.87
CCOC(=O)CC,6.0
COCOC(C)=O,5.67
COCCOC(C)=O,5.29
CC(=O)OCCC(C)C,5.99
C=COC(C)=O,5.12
COC(=O)CN,4.61
COC(=O)C(C)C,5.99
COS(=O)(=O)c1ccccc1,5.71
O=C1OCCO1,6.9
CC1COC(=O)O1,6.79
CCOC(=O)OCC,6.44
COC(=O)OC,6.69
CCOC(=O)OC,6.55
O=c1occo1,5.41
N#CC1COC(=O)O1,7.3
O=C1OCC(O)O1,6.84
O=C1OCC(F)O1,7.28
O=C1OCC(C(F)(F)F)O1,9.3
COC(=O)OCC(F)(F)F,7.02
COC(=O)OCF,6.98
COC(=O)OCC(=O)O,6.35
O=C1OCC(Cl)O1,7.24
COC(=O)OCCl,7.52
O=C1OCC(C(=O)O)O1,6.61
COC(=O)OCCO,5.94
CCOC(=O)OCCF,6.59
CCOC(=O)OCC(F)F,6.81
COC(=O)OCCF,6.67
COC(=O)OCC(F)F,6.84
COC(=O)OCC(F)(F)F,7.08
CCCOC(=O)OC,6.16
COC(=O)OCCCF,6.38
COC(=O)OCC(C)F,6.6
COC(=O)OCCC(F)(F)F,6.79
COC(=O)OCC(F)(F)C(F)F,6.94
COC(=O)OCC(F)(F)C(F)(F)F,7.05
CCCOC(=O)OCC,6.67
CCOC(=O)OC(C)C,6.32
COC(=O)OC(C)C,6.39
O=C1OCC(CF)O1,6.94
CCC1COC(=O)O1,6.78
COC(=O)OCCCS(C)(=O)=O,5.95
CCOC(=O)OCCCS(C)(=O)=O,5.94
CC(C)OC(=O)OCCCS(C)(=O)=O,5.92
O=C(OCC(F)(F)F)OCC(F)(F)F,7.43
O=c1oc2ccccc2o1,5.183
C=CC=C.O=C(O)O,5.51
O=C1OCCCCO1,6.2
CC1OC(=O)OC1C,6.7
C=C(C)C.O=C(O)O,5.46
CCOC(=O)OCCS(=O)(=O)F,6.74
O=C1OCC(F)(F)O1,7.75
O=C(OC(F)(F)F)OC(F)(F)F,8.22
O=C(OCF)OCF,7.25
COC(=O)OC(C)F,7.14
CC12COB(OC1)OC2,5.34
O=[N+]([O-])C12COB(OC1)OC2,5.86
CC12COB(OC1)OC2=O,5.98
CC12COB(OC1=O)OC2=O,6.56
O=S1(=O)CCCC1,5.86
C=CS(=O)(=O)CC,6.05
CCS(C)(=O)=O,6.01
CS(C)(=O)=O,6.42
CCS(=O)(=O)CC,5.85
CS(C)=O,4.81
CCS(=O)CC,3.48
CCCS(=O)CCC,3.26
CCCCS(=O)CCCC,4.59
O=S1OCCO1,6.39
CC1COS(=O)O1,6.27
CS(=O)(=O)c1ccccc1F,5.52
CC(C)S(C)(=O)=O,5.56
CS(=O)(=O)F,7.67
CS(=O)(=O)CCC(F)(F)F,6.46
CCS(=O)(=O)C(C)C,5.47
CCS(=O)(=O)CC(C)C,5.75
CCC(C)S(=O)(=O)CC,5.45
CCCS(=O)(=O)CCC,5.79
CC1CCS(=O)(=O)C1,5.86
CC1CCS1(=O)=O,5.38
COCCS(C)(=O)=O,5.58
CS(=O)(=O)CCCCC(=O)[O-],6.0
CS(=O)(=O)CCOC(=O)C(F)F,6.33
CS(=O)(=O)CCCC#N,6.17
O=S1(=O)CCC1,6.53
COC1CCS(=O)(=O)C1,5.51
CCOC1CCS(=O)(=O)C1,5.43
CC(C)OC1CCS(=O)(=O)C1,5.36
COCCOC1CCS(=O)(=O)C1,5.08
CC(=O)OC1CCS(=O)(=O)C1,6.0
COC(=O)CS(C)(=O)=O,6.2
COCCS(=O)(=O)CCOC,5.51
CCOC(=O)CS(C)(=O)=O,6.15
CC(=O)OCCS(C)(=O)=O,6.23
CS(=O)(=O)CCOC(=O)C(F)(F)F,6.35
COC(=O)OCCS(C)(=O)=O,6.22
CCOC(=O)OCCS(C)(=O)=O,6.19
CC(C)OC(=O)OCCS(C)(=O)=O,6.17
COCS(C)(=O)=O,4.72
CCCS(C)(=O)=O,5.99
CCC(C)S(=O)(=O)C(C)C,5.24
CC(C)CS(=O)(=O)C(C)C,5.42
CCS(=O)(=O)CCOC,5.53
CCOC(=O)OC1CCS(=O)(=O)C1,6.01
O=S1(=O)CCCO1,6.29
O=S1(=O)C=CCO1,6.54
CS(=O)(=O)CF,6.24
CS(=O)(=O)C(F)F,6.26
CS(=O)(=O)CCl,6.54
O=S1(=O)CCC(F)C1,6.11
CS(=O)(=O)CC(F)(F)F,6.86
CCS(=O)(=O)C(F)(F)F,6.64
CC(C(F)(F)F)S(C)(=O)=O,6.34
CC(C)S(=O)(=O)C(F)(F)F,5.57
COC(=O)CS(=O)(=O)F,6.96
N#CCCCS(=O)(=O)F,7.44
O=S1(=O)CCCCO1,6.47
COP(=O)(OC)OC,6.23
CCOP(=O)(OCC)OCC,6.1
COP(C)(=O)OC,6.01
c1ccncc1,5.27
Cn1ccnc1,4.57
O=C1CCCN1,5.41
S=C1CCCN1,4.5
O=C1CCC(=O)N1,5.84
CN1CCCC1=O,4.74
CC(C)=O,5.51
Cc1oc(=O)oc1C,4.73
CN1CCOC1=O,4.89
CN1CCCC1=O,4.74
CN1CCN(C)C1=O,4.1
c1ccoc1,4.73
Cc1ccc(C)o1,4.78
C1CCOCC1,5.1
CCOCOC,5.34
Fc1ccoc1,4.87
Fc1ccco1,4.75
Fc1cocc1F,5.08
Fc1ccc(F)o1,4.78
Fc1ccoc1F,4.89
Fc1coc(F)c1,4.91
N#Cc1ccco1,5.26
COc1ccco1,4.0
COc1ccoc1,4.28
CCc1ccco1,4.38
Cc1ccoc1C,4.14
CC1CCOC1,5.18
CC1CCCO1,5.12
COCC(C)=O,4.95
CC(=O)CCl,5.77
CC(=O)CN,4.4
CC(=O)CF,5.79
CCCCC(=O)CC,5.22
CCC(C)=O,5.39
CC1CCC(=O)O1,6.05
